device,D,n_runs,n_steps,seconds,run_per_s
cuda,2,1000,100,0.08024684899999102,12461.54849021065
cuda,2,10000,100,0.08333197899997913,120001.95027172587
cuda,2,100000,100,0.2459785449999572,406539.5215668806
cuda,2,1000000,100,2.563695370000005,390061.9440600691
cuda,4,1000,100,0.08184626199999911,12218.028967529523
cuda,4,10000,100,0.08462946700001339,118162.15266957096
cuda,4,100000,100,0.43682299099998545,228925.6794178293
cuda,4,1000000,100,4.430616562000068,225702.22135146358
cuda,6,1000,100,0.1034164850000252,9669.638259313844
cuda,6,10000,100,0.12282376699999986,81417.46702818527
cuda,6,100000,100,0.7475817580000239,133764.63367368147
cuda,6,1000000,100,7.675990766000041,130276.34223185759
