D,n_runs,n_steps,engine_s,kernel_s,speedup
2,1000,100,0.07844704999934038,0.002114242999596172,37.10408406901385
2,10000,100,0.08470333900004334,0.0038483600001200102,22.010243063903037
2,100000,100,0.24631579900051292,0.026172965999649023,9.411077025195233
2,1000000,100,2.5670430770005623,0.37494228100058535,6.846502000654748
4,1000,100,0.08284946899948409,0.0029581979997601593,28.006735521490192
4,10000,100,0.0875184939995961,0.004201817999273771,20.82872080959302
4,100000,100,0.43725558999994973,0.02710550399933709,16.13161629500206
4,1000000,100,4.435949957000048,0.26006857399988803,17.056847310594158
6,1000,100,0.08263896700009354,0.004926916999465902,16.772957005172188
6,10000,100,0.0979672280000159,0.005050136000136263,19.39892866199495
6,100000,100,0.7443461599996226,0.03379465699981665,22.025557472107526
6,1000000,100,7.700660358999812,0.33292486800019105,23.130324884578442
