alt_km,use_o,gauge_err_pct,n_runs,sim_s,fused_median,fused_p10,fused_p90,gauge_only_median,prior_median
450,True,2.0,10000,19.74311092300013,3.9156296586876715,1.295908960150477,7.268239532166702,5.028039687564352,36.010531897791395
450,True,5.0,10000,19.828931736999948,3.3725074485845887,1.1927872179240402,8.12100142586923,5.854925119639483,36.010531897791395
450,True,8.0,10000,19.214767647999906,3.500712182910546,1.198872953859332,8.531859513876919,7.134122912586943,36.010531897791395
450,True,12.0,10000,20.02910162200169,3.6873977934418467,1.2241243729156774,9.002460318825964,9.297754925387421,36.010531897791395
450,True,16.0,10000,19.378509709000355,3.8319707848069586,1.2275885052158608,9.240393829296032,11.638361531726634,36.010531897791395
450,True,20.0,10000,19.827715583998724,3.860614457523661,1.2338278813185655,9.409734532893026,14.139550417825047,36.010531897791395
450,True,25.0,10000,19.95331271899886,3.920391052793009,1.2419716418962838,9.51045366423268,17.262746285122017,36.010531897791395
450,True,30.0,10000,19.170783138000843,3.948897289324163,1.2373790917128373,9.58673075908277,20.448729441903847,36.010531897791395
450,True,35.0,10000,20.09584972799894,3.9743891287045052,1.2341349600738316,9.612295600994077,23.642173984823902,36.010531897791395
450,True,40.0,10000,19.201473578999867,3.9969761900520977,1.2379809069952432,9.649405599974875,26.82946586866337,36.010531897791395
450,False,2.0,10000,16.3245540959997,4.505447963822173,1.3804677187320284,8.120807875722392,5.028039687564352,36.010531897791395
450,False,5.0,10000,16.05588151399934,3.9182713635941857,1.14113099638273,9.246026005796296,5.854925119639483,36.010531897791395
450,False,8.0,10000,16.290135904000635,4.008815228995503,1.1551202428299625,9.81578863693721,7.134122912586943,36.010531897791395
450,False,12.0,10000,16.5883278909987,4.1642852325124915,1.1552075840264178,10.37620277914765,9.297754925387421,36.010531897791395
450,False,16.0,10000,15.853918413000429,4.2832246970099925,1.1663038838291286,10.60932428499856,11.638361531726634,36.010531897791395
450,False,20.0,10000,15.814937950999592,4.393592153739574,1.1742935133149774,10.805089807695364,14.139550417825047,36.010531897791395
450,False,25.0,10000,15.661144045001492,4.43801038296342,1.1786844321913446,10.931337895153039,17.262746285122017,36.010531897791395
450,False,30.0,10000,16.03766003199962,4.471303935993806,1.178646423867209,10.981593140965204,20.448729441903847,36.010531897791395
450,False,35.0,10000,15.454602092999266,4.48531783110347,1.1979280674017065,11.021844102843742,23.642173984823902,36.010531897791395
450,False,40.0,10000,15.759451070000068,4.508697128161863,1.202776290608392,11.041782680213807,26.82946586866337,36.010531897791395
